"Plug","Species","Reef","Colony","Temperature","Tank","Position","Dry_weight_plug","Wet_weight_plug","Initial_weight","Initial_day","Initial_notes","Final_weight","Final_day","Final_notes","Max_span","Time","Growth"
194,"Acropora hyacinthus","Kelso",10,19,"19°C/1",3,18.4007,9.44954151860177,49.8229557126579,0,NA,50.1195074367958,14,"Sampled because it was covered in algae and was starting to lose tissue","Y",14,0.216440371818834
212,"Pocillopora verrucosa","Kelso",12,19,"19°C/1",4,18.0853,9.33367922614011,25.7619484587838,0,NA,25.9524681618107,28,"","N",28,0.264121136605317
189,"Stylophora pistillata","Kelso",3,19,"19°C/1",5,19.456,9.83720631642924,27.7203481681635,0,NA,28.652327863595,28,"","N",28,1.20074210181747
224,"Pocillopora verrucosa","Kelso",9,19,"19°C/1",6,18.7814,9.58939178727695,13.2103317140891,0,NA,13.4167280590349,28,"","N",28,0.557994923466981
351,"Acropora hyacinthus","Kelso",5,19,"19°C/1",7,19.2282,9.75352391242555,42.6860312374369,0,NA,42.8837323868622,21,"Sampled due to algal growth","Y",21,0.16841885970577
286,"Pocillopora verrucosa","Kelso",10,19,"19°C/1",8,17.7916,9.22578843572797,21.8846991140355,0,NA,22.0117122493868,14,"Sampled due to tissue sloughing","Y",14,0.211045143606982
366,"Stylophora pistillata","Kelso",4,19,"19°C/1",9,19.5906,9.88665167015574,14.5370969447508,0,NA,15.4416654726695,28,"","N",28,2.22231570560639
105,"Acropora tenuis","Kelso",6,19,"19°C/1",10,19.3521,9.79903861767602,10.6978642504445,0,NA,10.7481601084327,10,"Sampled because it was dead/dying","Y",10,0.170963123821919
30,"Stylophora pistillata","Kelso",8,19,"19°C/1",11,19.4847,9.8477492707528,43.6721593593578,0,NA,44.9056618974289,28,"","N",28,1.00873560456376
595,"Acropora tenuis","Kelso",2,19,"19°C/1",14,18.1118,9.34341400974897,7.80689958917826,0,NA,7.97455244913881,14,"Sampled because it was bleached and covered in algae. ","Y",14,0.780907652940732
22,"Acropora hyacinthus","Kelso",14,19,"19°C/1",17,19.5076,9.85616159319215,42.2281668382457,0,NA,42.5741438497399,28,"","N",28,0.292608530377633
201,"Acropora tenuis","Kelso",7,19,"19°C/1",18,20.5884,10.2531938243036,10.7411937856843,0,NA,10.7747243576764,8,"Sampled on 18/05/21 because it was dead/dying","Y",8,0.113515643727689
320,"Acropora hyacinthus","Kelso",6,19,"19°C/2",1,19.4751,9.84422270763412,36.7021176519233,0,NA,37.2457958128429,21,"Sampled due to algal growth","Y",21,0.538664148211417
5,"Pocillopora verrucosa","Kelso",11,19,"19°C/2",2,18.6382,9.53678722075663,18.5013886500837,0,NA,18.6601550692727,28,"","N",28,0.306475874000165
12,"Acropora tenuis","Kelso",5,19,"19°C/2",3,20.039,10.0513715558241,6.67028437386489,0,NA,6.68704965986094,15,"Sampled on 25/05/21 because it had started to die","Y",15,0.0913974171598414
622,"Stylophora pistillata","Kelso",1,19,"19°C/2",4,18.8079,9.59912657088581,30.2095007701607,0,NA,31.1688916331049,28,"","N",28,1.13421137447948
168,"Stylophora pistillata","Kelso",7,19,"19°C/2",5,20.2964,10.1459275294437,57.711670731474,0,NA,59.5756301223369,28,"","N",28,1.15349248083369
91,"Pocillopora verrucosa","Kelso",13,19,"19°C/2",7,19.4305,9.82783888314524,19.7857269587985,0,NA,19.8016036007174,14,"Sampled because it was dead/dying","Y",14,0.0291792378726876
178,"Acropora hyacinthus","Kelso",2,19,"19°C/2",8,18.6854,9.55412615609014,34.4784569296694,0,NA,34.7750086538073,18,"Sampled due to pale tissue and algal growth","Y",18,0.312766290021564
70,"Acropora tenuis","Kelso",13,19,"19°C/2",10,19.3476,9.79738554121414,10.1641465285365,0,NA,10.2479729585167,29,"Sampled due to bleaching and algal loss","Y",29,0.284388516333231
274,"Acropora hyacinthus","Kelso",1,19,"19°C/2",11,19.0176,9.67615993400949,35.9511635445508,0,NA,36.3465658434014,18,"Sampled due to pale tissue and algal growth","Y",18,0.39993880573381
337,"Acropora tenuis","Kelso",4,19,"19°C/2",14,18.8288,9.60680419267543,8.15328685646131,0,NA,8.23711328644158,14,"Sampled because it was dead/dying","Y",14,0.373865641075641
291,"Stylophora pistillata","Kelso",13,19,"19°C/2",15,18.5872,9.51805235418863,18.6175214656758,0,NA,19.0835113133916,28,"","N",28,0.893915690762562
57,"Pocillopora verrucosa","Kelso",6,19,"19°C/2",16,19.6535,9.9097580055896,23.5136908877561,0,NA,23.6407040231073,22,"Sampled because it was starting to lose tissue","Y",22,0.196424265733734
123,"Acropora hyacinthus","Kelso",7,19,"19°C/3",1,18.648,9.54038725394028,38.0061319632837,0,NA,37.9567066759273,18,"Sampled due to bleaching and algal growth","Y",18,-0.0472892947467016
348,"Acropora tenuis","Kelso",1,19,"19°C/3",2,19.6316,9.90171303347511,16.72888347445,0,NA,17.030658622379,28,"","N",28,0.644256018105907
326,"Stylophora pistillata","Kelso",9,19,"19°C/3",3,19.546,9.87026784566687,25.6012962606086,0,NA,25.9028191032482,18,"Sampled due to bleaching and algal growth","Y",18,0.428277806461955
157,"Pocillopora verrucosa","Kelso",4,19,"19°C/3",5,20.742,10.3096188342025,13.4957507943558,0,NA,13.6545172135448,28,"","N",28,0.42014922646043
261,"Acropora hyacinthus","Kelso",15,19,"19°C/3",7,18.1307,9.35035693088887,45.4200749392849,0,NA,46.2603048243423,28,"","N",28,0.660681652787616
306,"Acropora tenuis","Kelso",11,19,"19°C/3",8,18.6117,9.52705243714777,14.607505775985,0,NA,14.6913322059653,28,"","N",28,0.204949504496932
81,"Pocillopora verrucosa","Kelso",5,19,"19°C/3",9,17.904,9.26707861224252,18.5961858697692,0,NA,18.6755690793637,28,"","N",28,0.15245678055867
150,"Pocillopora verrucosa","Kelso",8,19,"19°C/3",10,20.0849,10.0682329357353,22.500007103744,0,NA,22.7699100163654,28,"","N",28,0.428417186360502
566,"Acropora tenuis","Kelso",8,19,"19°C/3",11,20.1087,10.076975873467,10.5504349261401,0,NA,10.6174960701243,28,"","N",28,0.227008732184607
234,"Stylophora pistillata","Kelso",5,19,"19°C/3",13,19.9566,10.0211018890554,25.6264212178176,0,NA,26.4213450756856,28,"","N",28,1.10784637229257
45,"Acropora hyacinthus","Kelso",11,19,"19°C/3",15,19.3834,9.81053668284422,33.705393406632,0,NA,34.1007957054826,28,"Sampled due to algal growth and breakage","Y",28,0.418968872514526
120,"Stylophora pistillata","Kelso",2,19,"19°C/3",16,18.6237,9.53146064104612,24.063001288503,0,NA,25.1046256539852,28,"","N",28,1.54597798295296
323,"Stylophora pistillata","Kelso",9,21,"21°C/1",2,19.5616,9.93165927921072,23.2401217727219,0,NA,24.5832689808437,28,"","N",28,2.06408312384629
186,"Stylophora pistillata","Kelso",3,21,"21°C/1",4,21.0579,10.7648131368764,33.0446746501866,0,NA,35.4842685588161,28,"","N",28,2.63668366543083
158,"Pocillopora verrucosa","Kelso",4,21,"21°C/1",5,18.8525,9.53682575620684,15.0560961723272,0,NA,15.5165187879754,28,"","N",28,1.0921599235532
174,"Acropora hyacinthus","Kelso",2,21,"21°C/1",6,20.2002,10.2872377417552,40.8389398970721,0,NA,43.6561812763824,28,"","N",28,2.46372123763212
341,"Acropora tenuis","Kelso",1,21,"21°C/1",8,19.687,10.0014831739853,15.6059946787228,0,NA,16.5448506945019,28,"","N",28,2.14857000033623
122,"Acropora hyacinthus","Kelso",7,21,"21°C/1",9,19.6282,9.96874278313408,43.2533402672683,0,NA,44.9338000373832,28,"","N",28,1.3875557353582
69,"Acropora tenuis","Kelso",13,21,"21°C/1",10,19.9717,10.1600068011172,9.25442646755497,0,NA,9.43884461351158,28,"","N",28,0.711698599441483
1,"Pocillopora verrucosa","Kelso",11,21,"21°C/1",11,19.9558,10.1511535321625,16.6845192350589,0,NA,17.7800075274633,28,"","N",28,2.34496309545269
623,"Stylophora pistillata","Kelso",1,21,"21°C/1",12,19.1205,9.68605066688945,22.6798611161406,0,NA,24.8179321821304,28,"","N",28,3.36684958241943
16,"Acropora tenuis","Kelso",5,21,"21°C/1",16,20.0956,10.2289954818395,8.51844938942094,0,NA,8.95434682531838,28,"","N",28,1.82753513651195
226,"Pocillopora verrucosa","Kelso",9,21,"21°C/1",17,18.9725,9.60364288039308,18.7762837193074,0,NA,19.331966186469,28,"","N",28,1.05696114818622
24,"Acropora hyacinthus","Kelso",14,21,"21°C/1",18,19.2949,9.78315822070679,30.7763444263917,0,NA,33.741861667771,28,"","N",28,3.44132261395015
36,"Stylophora pistillata","Kelso",8,21,"21°C/2",2,19.964,10.1557193689819,28.4097032525368,0,NA,30.5477743185267,28,"","N",28,2.68780283445553
163,"Stylophora pistillata","Kelso",7,21,"21°C/2",3,19.7288,10.0247578055769,32.1950801268451,0,NA,34.3605623603476,28,"","N",28,2.40218849873376
335,"Acropora tenuis","Kelso",4,21,"21°C/2",4,18.7877,9.50074450914627,8.29756837717095,0,NA,8.88435338703289,28,"","N",28,2.52563239523605
195,"Acropora hyacinthus","Kelso",10,21,"21°C/2",6,19.5606,9.9311024698425,45.0704130800888,0,NA,47.1957004364106,28,"","N",28,1.68410082538537
103,"Acropora tenuis","Kelso",6,21,"21°C/2",11,20.0285,10.191633573232,9.35229085355576,0,NA,9.68759657347687,28,"","N",28,1.28045678544564
275,"Acropora hyacinthus","Kelso",1,21,"21°C/2",12,19.3845,9.83304834009919,33.2975771696247,0,NA,36.2136691236477,28,"","N",28,3.12773931522299
300,"Stylophora pistillata","Kelso",13,21,"21°C/2",13,19.9371,10.1407411969768,20.0629429118401,0,NA,20.7208109321447,28,"","N",28,1.17107876659425
262,"Acropora hyacinthus","Kelso",15,21,"21°C/2",14,19.0538,9.64891148202926,39.7927363531887,0,NA,42.3134260083611,28,"","N",28,2.26233827557975
289,"Pocillopora verrucosa","Kelso",10,21,"21°C/2",15,18.5038,9.34266632950898,21.5244932061479,0,NA,21.9372858960394,28,"","N",28,0.684921866747713
216,"Pocillopora verrucosa","Kelso",12,21,"21°C/2",16,19.2408,9.75303483388616,26.6361868428307,0,NA,27.0648561746411,28,"","N",28,0.574767667893469
147,"Pocillopora verrucosa","Kelso",8,21,"21°C/2",17,19.1488,9.70180837201004,20.7161466166831,0,NA,21.0971860227368,28,"","N",28,0.656905478996932
203,"Acropora tenuis","Kelso",7,21,"21°C/2",18,19.9513,10.1486478900055,7.76459426724908,0,NA,8.18372641715046,28,"Sampled because tissue on the tips was dead","Y",28,1.92785415932932
232,"Stylophora pistillata","Kelso",5,21,"21°C/3",1,19.1295,9.69106195120342,33.6854139408637,0,NA,35.9057185093916,28,"","N",28,2.35403346600842
117,"Stylophora pistillata","Kelso",2,21,"21°C/3",3,19.5425,9.92102422027774,23.8449082286803,0,NA,25.2702889393402,28,"","N",28,2.13489829627064
368,"Stylophora pistillata","Kelso",4,21,"21°C/3",4,19.7421,10.0321633701742,21.0184354320098,0,NA,23.129095330487,28,"","N",28,3.5864092217396
561,"Acropora tenuis","Kelso",8,21,"21°C/3",5,20.6658,10.5464881835978,10.7859665560983,0,NA,11.2553945639879,28,"","N",28,1.55436102169038
313,"Acropora hyacinthus","Kelso",6,21,"21°C/3",7,19.1696,9.71339000686899,45.4545091614521,0,NA,49.2108310005326,28,"","N",28,2.95139808724414
97,"Pocillopora verrucosa","Kelso",13,21,"21°C/3",8,19.3013,9.78672180066339,31.7426118755887,0,NA,32.3141709846692,28,"","N",28,0.643073273374921
85,"Pocillopora verrucosa","Kelso",5,21,"21°C/3",9,19.1471,9.70086179608407,29.9102251324308,0,NA,30.529414167268,28,"","N",28,0.739342281892505
60,"Pocillopora verrucosa","Kelso",6,21,"21°C/3",11,20.1231,10.2443077394655,21.4425039887412,0,NA,21.8711733205516,28,"","N",28,0.713984663417432
303,"Acropora tenuis","Kelso",11,21,"21°C/3",13,18.899,9.56271739182901,17.3475152207995,0,NA,18.3199018085707,28,"","N",28,2.00190586250424
359,"Acropora hyacinthus","Kelso",5,21,"21°C/3",15,19.1128,9.68176323475417,52.9751932075368,0,NA,56.8797909086863,28,"","N",28,2.63236261077674
42,"Acropora hyacinthus","Kelso",11,21,"21°C/3",16,19.5575,9.92937636080102,41.4708984466156,0,NA,45.1777949983397,28,"","N",28,3.19233890560624
592,"Acropora tenuis","Kelso",2,21,"21°C/3",18,17.8368,8.9712744809071,8.07873114640821,0,NA,8.8666995882228,28,"","N",28,3.48343441003341
23,"Acropora hyacinthus","Kelso",14,23,"23°C/1",1,18.6063,9.36183865802159,38.2478172944738,0,NA,43.6146111876036,29,"","N",29,4.83849462464681
92,"Pocillopora verrucosa","Kelso",13,23,"23°C/1",2,18.8728,9.51863945022849,28.532067539021,0,NA,29.9125469910758,29,"","N",29,1.66839433072717
188,"Stylophora pistillata","Kelso",3,23,"23°C/1",3,19.822,10.0771209210082,36.0200407229168,0,NA,39.3585542364303,29,"","N",29,3.19603069091353
312,"Acropora hyacinthus","Kelso",6,23,"23°C/1",5,20.0135,10.1897939105302,51.0594116618932,0,NA,56.5246788374657,29,"","N",29,3.69094516914491
68,"Acropora tenuis","Kelso",13,23,"23°C/1",8,19.3403,9.79370275363084,10.9510893418143,0,NA,11.9228370422085,29,"","N",29,3.05983636394594
229,"Pocillopora verrucosa","Kelso",9,23,"23°C/1",9,18.8362,9.49710508251828,17.966693990068,0,NA,18.7759405654105,29,"","N",29,1.55315465035357
211,"Pocillopora verrucosa","Kelso",12,23,"23°C/1",11,17.9166,8.95603938453154,22.5699831683803,0,NA,23.17295120491,29,"","N",29,0.921223605021247
236,"Stylophora pistillata","Kelso",5,23,"23°C/1",12,18.6527,9.38913905861596,38.6415451436523,0,NA,40.8033694679766,29,"","N",29,1.92915852818212
328,"Stylophora pistillata","Kelso",9,23,"23°C/1",14,19.9777,10.168730239382,31.6646233314209,0,NA,34.0727314395291,29,"","N",29,2.62242849868416
266,"Acropora hyacinthus","Kelso",15,23,"23°C/1",15,19.45,9.85824701969124,31.7662646740393,0,NA,35.01588299465,29,"","N",29,3.52750961779166
206,"Acropora tenuis","Kelso",7,23,"23°C/1",16,21.0105,10.7763995008877,12.1026158165153,0,NA,13.2251519531776,28,"Sampled because tissue on the tips was dead","Y",28,3.31255465076068
307,"Acropora tenuis","Kelso",11,23,"23°C/1",18,19.3965,9.82676918710936,16.9942434775763,0,NA,17.9994997193634,29,"","N",29,2.03975001200999
272,"Acropora hyacinthus","Kelso",1,23,"23°C/2",1,19.1598,9.68750184183592,40.5832924581361,0,NA,44.8668802443957,29,"","N",29,3.6396732427881
293,"Stylophora pistillata","Kelso",13,23,"23°C/2",2,19.0525,9.62436966546144,21.305272199244,0,NA,21.9346640911359,29,"","N",29,1.01867596353439
342,"Acropora tenuis","Kelso",1,23,"23°C/2",3,19.6917,10.000456218477,8.10830265629673,0,NA,8.86224483763707,29,"","N",29,3.20634383731664
593,"Acropora tenuis","Kelso",2,23,"23°C/2",5,16.7514,8.27046984201943,16.2173468481278,0,NA,17.9095281884694,29,"","N",29,3.59806577782931
106,"Acropora tenuis","Kelso",6,23,"23°C/2",6,18.6648,9.39625834411579,9.42216900295975,0,NA,10.3771624326575,29,"","N",29,3.49503473247702
352,"Acropora hyacinthus","Kelso",5,23,"23°C/2",9,18.481,9.28811580900274,37.9707275052918,0,NA,43.9283610930781,29,"","N",29,5.41036884082656
53,"Pocillopora verrucosa","Kelso",6,23,"23°C/2",11,20.2426,10.3245896384649,27.2373520576869,0,NA,28.5226260302897,29,"","N",29,1.6271696332613
124,"Acropora hyacinthus","Kelso",7,23,"23°C/2",12,19.1924,9.70668272673628,48.6128980248481,0,NA,52.6995392462222,29,"","N",29,2.89879164854505
167,"Stylophora pistillata","Kelso",7,23,"23°C/2",14,20.2008,10.2999957431019,73.6935927300252,0,NA,79.7959575948901,29,"","N",29,2.85542293237629
89,"Pocillopora verrucosa","Kelso",5,23,"23°C/2",15,20.1089,10.2459244755454,22.0941381038721,0,NA,22.7923116198538,29,"","N",29,1.08965322447844
284,"Pocillopora verrucosa","Kelso",10,23,"23°C/2",16,18.643,9.38343186280206,29.2385042359648,0,NA,30.9998056058278,29,"","N",29,2.07721056813057
34,"Stylophora pistillata","Kelso",8,23,"23°C/2",17,19.3299,9.7875836983252,42.6137067714749,0,NA,46.3626932579614,29,"","N",29,3.03365761582318
50,"Acropora hyacinthus","Kelso",11,23,"23°C/3",1,20.6704,10.5762946249794,39.7522134876968,0,NA,44.6266409686128,28,"","N",28,4.37929565358369
116,"Stylophora pistillata","Kelso",2,23,"23°C/3",5,19.6953,10.0025743530059,47.8541039664366,0,NA,52.3419418042744,28,"","N",28,3.34934539558693
3,"Pocillopora verrucosa","Kelso",11,23,"23°C/3",6,20.4034,10.4191996474213,17.6777539841146,0,NA,19.2327768151649,28,"","N",28,3.14160553033326
146,"Pocillopora verrucosa","Kelso",8,23,"23°C/3",7,19.3489,9.79876274167204,21.423196106251,0,NA,22.2800454213195,28,"","N",28,1.42844051376241
570,"Acropora tenuis","Kelso",8,23,"23°C/3",10,18.8655,9.5143443441005,8.95625619089601,0,NA,9.45888431178957,28,"","N",28,2.00429777074425
15,"Acropora tenuis","Kelso",5,23,"23°C/3",11,19.2528,9.74222031716516,8.92630630172723,0,NA,9.83103691933564,28,"","N",28,3.619840803074
151,"Pocillopora verrucosa","Kelso",4,23,"23°C/3",12,19.4405,9.85265749801782,17.2438425545151,0,NA,18.3704407280311,28,"","N",28,2.33333428595977
171,"Acropora hyacinthus","Kelso",2,23,"23°C/3",13,19.9083,10.1278973126309,32.9004292622371,0,NA,38.0702765904814,28,"","N",28,5.61200594400993
193,"Acropora hyacinthus","Kelso",10,23,"23°C/3",15,19.7425,10.0303454501622,35.4486807988196,0,NA,40.4215815621784,28,"","N",28,5.01016101838403
340,"Acropora tenuis","Kelso",4,23,"23°C/3",16,19.28,9.7582240002722,8.24607674067403,0,NA,8.8157219443534,28,"","N",28,2.46716980690075
364,"Stylophora pistillata","Kelso",4,23,"23°C/3",17,18.6193,9.36948747715364,18.3084971064377,0,NA,20.278767376708,28,"","N",28,3.84339549869733
630,"Stylophora pistillata","Kelso",1,23,"23°C/3",18,17.9652,8.98463420067134,27.1879942481629,0,NA,29.5140077616764,28,"","N",28,3.0554630267558
233,"Stylophora pistillata","Kelso",5,25,"25°C/1",2,19.94444,10.194291249588,43.6625813778167,0,NA,45.0855543507897,28,"","N",28,1.16393629778114
115,"Stylophora pistillata","Kelso",2,25,"25°C/1",3,19.5919,9.99658397123986,37.6086722408639,0,NA,39.606307375999,28,"","N",28,1.89701225058386
110,"Acropora tenuis","Kelso",6,25,"25°C/1",4,19.7732,10.0982584750253,9.98846313317054,0,NA,11.3120505181903,28,"","N",28,4.73255769242787
204,"Acropora tenuis","Kelso",7,25,"25°C/1",5,18.8051,9.55534017875029,8.13362847844071,0,NA,9.18914753231719,28,"","N",28,4.63472227271486
330,"Stylophora pistillata","Kelso",9,25,"25°C/1",7,19.1409,9.74365952994246,21.2251208809007,0,NA,23.2774857457656,28,"","N",28,3.45339588806312
358,"Acropora hyacinthus","Kelso",5,25,"25°C/1",8,17.8283,9.00754285223298,44.3250752695399,0,NA,50.3319454985475,28,"","N",28,4.83994845587641
64,"Acropora tenuis","Kelso",13,25,"25°C/1",9,18.8231,9.56543472407923,7.96592736767277,0,NA,8.5858353834415,28,"","N",28,2.77928368787125
56,"Pocillopora verrucosa","Kelso",6,25,"25°C/1",12,19.1796,9.76536280239969,27.2519928135439,0,NA,28.569001945964,28,"","N",28,1.72596700598711
148,"Pocillopora verrucosa","Kelso",8,25,"25°C/1",13,19.1657,9.75756757017345,23.963905339565,0,NA,24.693814015364,28,"","N",28,1.08780962966772
318,"Acropora hyacinthus","Kelso",6,25,"25°C/1",14,19.5689,9.98368538554177,51.483381116989,0,NA,58.0810910406531,28,"","N",28,4.57686523614826
153,"Pocillopora verrucosa","Kelso",4,25,"25°C/1",15,18.7918,9.54788143136835,12.6656904228288,0,NA,13.6653479570753,28,"","N",28,2.81880052351278
276,"Acropora hyacinthus","Kelso",1,25,"25°C/1",16,19.0748,9.70659011626229,29.8541937023727,0,NA,33.6946517176399,28,"","N",28,4.59430310523073
334,"Acropora tenuis","Kelso",4,25,"25°C/2",1,18.1428,9.18391699145257,12.7434373664888,0,NA,13.2293112166859,28,"","N",28,1.36169206219599
165,"Stylophora pistillata","Kelso",7,25,"25°C/2",2,19.8464,10.1393096260296,38.2306054152567,0,NA,40.6934432530946,28,"","N",28,2.30073505907371
35,"Stylophora pistillata","Kelso",8,25,"25°C/2",3,20.4782,10.4936281670755,31.2954769752325,0,NA,33.9225040022595,28,"","N",28,2.99795379046774
268,"Acropora hyacinthus","Kelso",15,25,"25°C/2",6,18.4661,9.36522624172186,27.7437333899954,0,NA,30.0578555274,28,"","N",28,2.97895088707939
281,"Pocillopora verrucosa","Kelso",10,25,"25°C/2",7,18.6194,9.45119811944003,25.4179618881031,0,NA,27.7980988744045,28,"","N",28,3.34428435852257
185,"Stylophora pistillata","Kelso",3,25,"25°C/2",8,20.1732,10.3225817045573,31.6267189841505,0,NA,35.4030703355019,28,"","N",28,4.26442247098981
228,"Pocillopora verrucosa","Kelso",9,25,"25°C/2",10,19.9753,10.2115977867463,18.1023733749116,0,NA,18.6260035118979,28,"","N",28,1.03307317408762
218,"Pocillopora verrucosa","Kelso",12,25,"25°C/2",11,19.1134,9.72823730791213,31.1349887465778,0,NA,32.0235732214636,28,"","N",28,1.01927641842619
349,"Acropora tenuis","Kelso",1,25,"25°C/2",13,18.3569,9.30398600005961,18.4230195136978,0,NA,19.4450300261813,28,"","N",28,1.98123740892221
192,"Acropora hyacinthus","Kelso",10,25,"25°C/2",14,17.7093,8.94080669144719,38.1544250688287,0,NA,43.6196922444012,28,"","N",28,5.11573986663917
565,"Acropora tenuis","Kelso",8,25,"25°C/2",15,19.6765,10.0440283342859,9.24160824413336,0,NA,9.76099063572337,28,"","N",28,2.00715834714049
130,"Acropora hyacinthus","Kelso",7,25,"25°C/2",18,19.0383,9.68612062156748,52.751543504496,0,NA,56.5920015197632,28,"","N",28,2.60009860790672
591,"Acropora tenuis","Kelso",2,25,"25°C/3",1,18.5678,9.42226042283039,10.5011405530765,0,NA,11.740956584614,28,"","N",28,4.21660330701009
302,"Acropora tenuis","Kelso",11,25,"25°C/3",3,19.3897,9.8831885787114,22.3113463365873,0,NA,23.3668653904638,28,"","N",28,1.68959364882429
180,"Acropora hyacinthus","Kelso",2,25,"25°C/3",4,19.0763,9.70743132837303,40.5836396427435,0,NA,44.0302045282397,28,"","N",28,3.0330350884496
14,"Acropora tenuis","Kelso",5,25,"25°C/3",7,19.596,9.99888328434257,11.6628433803722,0,NA,12.2827513961409,28,"","N",28,1.89829969156574
43,"Acropora hyacinthus","Kelso",11,25,"25°C/3",8,18.9234,9.6216837738844,32.8325493575921,0,NA,35.9344577545387,28,"","N",28,3.37416511710734
94,"Pocillopora verrucosa","Kelso",13,25,"25°C/3",9,18.8788,9.59667173379157,18.5862172260613,0,NA,19.5065368607645,28,"","N",28,1.76843722326506
27,"Acropora hyacinthus","Kelso",14,25,"25°C/3",10,19.2317,9.79458090304624,26.269811584238,0,NA,29.2240100575204,28,"","N",28,4.01628645082558
296,"Stylophora pistillata","Kelso",13,25,"25°C/3",12,19.2927,9.82879019554988,34.5651349378534,0,NA,34.5924998027182,28,"","N",28,0.0282746358165102
628,"Stylophora pistillata","Kelso",1,25,"25°C/3",13,17.8311,9.00911311483971,24.8770891114184,0,NA,27.0662783006076,28,"","N",28,3.14286481972047
37,"Pocillopora verrucosa","Kelso",11,25,"25°C/3",15,19.682,10.047112778692,10.8580059790162,0,NA,11.5720470749066,28,"","N",28,2.34863268261733
84,"Pocillopora verrucosa","Kelso",5,25,"25°C/3",16,19.0295,9.68118551051778,23.767753584909,0,NA,24.3707216214387,28,"","N",28,0.9060415683069
370,"Stylophora pistillata","Kelso",4,25,"25°C/3",17,19.9155,10.1780614639313,11.252264237215,0,NA,12.2921291020799,28,"","N",28,3.30049402547828
40,"Acropora hyacinthus","Kelso",14,26,"26°C/1",1,19.2595,9.80083673582358,47.0833483299908,0,NA,52.3806867330326,27,"","N",27,4.16702986491312
324,"Stylophora pistillata","Kelso",9,26,"26°C/1",2,18.9706,9.64198984876992,17.9429619645746,0,NA,20.1284594350636,27,"","N",27,4.51120338540897
214,"Pocillopora verrucosa","Kelso",12,26,"26°C/1",3,19.2924,9.81892625670993,21.6644523709905,0,NA,22.4890958393305,27,"","N",27,1.40979103262061
107,"Acropora tenuis","Kelso",6,26,"26°C/1",4,19.8212,10.1096781911993,10.6492584454641,0,NA,11.6873411769152,27,"","N",27,3.61034608833619
46,"Acropora hyacinthus","Kelso",11,26,"26°C/1",5,20.2238,10.3310411428359,32.3675168279154,0,NA,35.800976903961,27,"","N",27,3.92879035725151
562,"Acropora tenuis","Kelso",8,26,"26°C/1",6,19.6235,10.0009761158427,9.42482659527317,0,NA,10.4126795171379,27,"","N",27,3.88199664836264
9,"Pocillopora verrucosa","Kelso",11,26,"26°C/1",7,19.1931,9.76432779397393,11.0941065218211,0,NA,11.8394573489746,27,"","N",27,2.48831090061833
173,"Acropora hyacinthus","Kelso",2,26,"26°C/1",9,19.3372,9.84355879578921,34.4152439293989,0,NA,39.6144834731252,27,"","N",27,5.5953236286935
182,"Stylophora pistillata","Kelso",3,26,"26°C/1",13,18.4834,9.37411098628274,27.8811807794637,0,NA,31.2413831403406,27,"","N",27,4.46365382715082
11,"Acropora tenuis","Kelso",5,26,"26°C/1",14,19.8274,10.1130871586612,8.76830449469078,0,NA,9.78964395627975,27,"","N",27,4.31410513733444
159,"Pocillopora verrucosa","Kelso",4,26,"26°C/1",15,20.5431,10.5066029671219,18.004816743526,0,NA,19.4320842848837,27,"","N",27,2.93597882966692
32,"Stylophora pistillata","Kelso",8,26,"26°C/1",17,18.8699,9.5866216191877,42.2166492022191,0,NA,46.2051820858616,27,"","N",27,3.49917492094902
145,"Pocillopora verrucosa","Kelso",8,26,"26°C/2",1,19.0802,9.7022515961603,24.0062410511548,0,NA,24.7674504065456,27,"","N",27,1.17440039981564
355,"Acropora hyacinthus","Kelso",5,26,"26°C/2",5,19.0289,9.67404513958068,39.1216036879883,0,NA,41.574075170878,27,"","N",27,2.32179329529768
113,"Stylophora pistillata","Kelso",2,26,"26°C/2",7,17.8846,9.04487070948201,41.3199147565584,0,NA,43.642005818953,27,"","N",27,2.08140247113241
338,"Acropora tenuis","Kelso",4,26,"26°C/2",8,20.1448,10.2876042993702,8.76074132410117,0,NA,9.56441827748266,27,"","N",27,3.3976363400111
55,"Pocillopora verrucosa","Kelso",6,26,"26°C/2",9,20.2947,10.3700243352627,18.0152494854363,0,NA,18.5227223890301,27,"","N",27,1.04329905288806
319,"Acropora hyacinthus","Kelso",6,26,"26°C/2",10,19.4063,9.88155228798515,45.0688119714797,0,NA,47.7174811730006,27,"","N",27,2.17664622217395
202,"Acropora tenuis","Kelso",7,26,"26°C/2",12,19.4876,9.92625374841251,15.4770538027236,0,NA,17.285326947832,27,"","N",27,4.32724989536904
239,"Stylophora pistillata","Kelso",5,26,"26°C/2",13,18.6525,9.4670878246378,34.4022221316809,0,NA,36.1779388264532,27,"","N",27,1.91171618914127
191,"Acropora hyacinthus","Kelso",10,26,"26°C/2",14,19.342,9.84619799640484,47.302298800904,0,NA,50.7357588769496,27,"","N",27,2.68835112088168
295,"Stylophora pistillata","Kelso",13,26,"26°C/2",15,18.8371,9.56858708164751,32.5131347853812,0,NA,32.8955968427167,27,"","N",27,0.435678118283703
65,"Acropora tenuis","Kelso",13,26,"26°C/2",16,19.3114,9.82937309248016,10.5493096613103,0,NA,11.1353241064843,27,"","N",27,2.05740843780031
87,"Pocillopora verrucosa","Kelso",5,26,"26°C/2",18,19.822,10.1101180579686,22.5030643461765,0,NA,23.0739713627196,27,"","N",27,0.939636664195141
128,"Acropora hyacinthus","Kelso",7,26,"26°C/3",1,18.6583,9.47027685871502,45.9579576131468,0,NA,49.1461705409035,27,"","N",27,2.56934743012828
288,"Pocillopora verrucosa","Kelso",10,26,"26°C/3",2,18.9091,9.60817509088207,29.055717768025,0,NA,32.4970183955207,27,"","N",27,4.38659198900945
305,"Acropora tenuis","Kelso",11,26,"26°C/3",3,19.6914,10.0383098078848,13.0458371568574,0,NA,13.8830006499631,27,"","N",27,2.37670108306645
96,"Pocillopora verrucosa","Kelso",13,26,"26°C/3",4,18.9206,9.61449817569036,24.2881318149348,0,NA,26.0960040339879,27,"","N",27,2.75682917259719
166,"Stylophora pistillata","Kelso",7,26,"26°C/3",5,19.7188,10.0533752447324,54.409666279146,0,NA,59.0538484039352,27,"","N",27,3.16132696863259
265,"Acropora hyacinthus","Kelso",15,26,"26°C/3",8,19.6071,9.99195884707264,35.8455250466779,0,NA,38.7394413964878,27,"","N",27,2.9901106732409
365,"Stylophora pistillata","Kelso",4,26,"26°C/3",10,19.0042,9.66046425307938,17.7558986678101,0,NA,19.668208954488,27,"","N",27,3.98888888921169
343,"Acropora tenuis","Kelso",1,26,"26°C/3",11,18.4464,9.35376714820388,15.3305277557978,0,NA,16.4523268365595,27,"","N",27,2.71015549915235
599,"Acropora tenuis","Kelso",2,26,"26°C/3",12,18.6149,9.44641408648197,8.54507162145172,0,NA,9.88453321042086,27,"","N",27,5.80564923011263
227,"Pocillopora verrucosa","Kelso",9,26,"26°C/3",13,18.7834,9.53906102476007,19.9198005425938,0,NA,20.855453708595,27,"","N",27,1.73966706588784
271,"Acropora hyacinthus","Kelso",1,26,"26°C/3",16,20.0691,10.2459819063277,34.0109632731454,0,NA,41.2212294328412,27,"","N",27,7.85178863235565
627,"Stylophora pistillata","Kelso",1,26,"26°C/3",18,18.5091,9.38824170624564,21.5046347991266,0,NA,23.7447697063778,27,"","N",27,3.85814315392112
88,"Pocillopora verrucosa","Kelso",5,27,"27°C/1",4,19.4844,9.81963382582746,19.1418242807756,0,NA,20.2043456726752,27,"","N",27,2.05584606603833
160,"Pocillopora verrucosa","Kelso",4,27,"27°C/1",5,20.6282,10.3619926416279,15.8553682009552,0,NA,16.9020310646175,27,"","N",27,2.44493163169912
213,"Pocillopora verrucosa","Kelso",12,27,"27°C/1",6,20.0822,10.1030943085041,19.4535070292976,0,NA,19.9609799328914,27,"","N",27,0.966164748463681
369,"Stylophora pistillata","Kelso",4,27,"27°C/1",7,20.3059,10.2091667574414,25.9004213371751,0,NA,28.7962054855731,27,"","N",27,4.14090810953494
44,"Acropora hyacinthus","Kelso",11,27,"27°C/1",8,18.834,9.51123185538104,40.3616384279789,0,NA,44.5308399488915,27,"","N",27,3.82578302465214
322,"Stylophora pistillata","Kelso",9,27,"27°C/1",9,19.1729,9.67192900757091,24.281070839351,0,NA,26.4392495914589,27,"","N",27,3.29196957182077
621,"Stylophora pistillata","Kelso",1,27,"27°C/1",10,18.9047,9.54475587031118,26.1310210625563,0,NA,27.8794190389475,27,"","N",27,2.47810755087072
198,"Acropora hyacinthus","Kelso",10,27,"27°C/1",12,20.2585,10.1866909680823,31.8493104607368,0,NA,36.8523522858319,27,"","N",27,5.81795469645481
339,"Acropora tenuis","Kelso",4,27,"27°C/1",13,18.9211,9.55253230376032,8.50134118543085,0,NA,9.05386909088062,27,"","N",27,2.40714918408518
600,"Acropora tenuis","Kelso",2,27,"27°C/1",14,18.363,9.28789648010388,4.75861062096855,0,NA,5.411598145591,27,"","N",27,5.08230764408341
108,"Acropora tenuis","Kelso",6,27,"27°C/1",15,19.9848,10.0569098805805,11.6584896943662,0,NA,12.6295993463688,27,"","N",27,3.08505004431459
172,"Acropora hyacinthus","Kelso",2,27,"27°C/1",18,20.1541,10.1371873307598,36.7027693662354,0,NA,41.4605640430415,27,"","N",27,4.80112592870424
569,"Acropora tenuis","Kelso",8,27,"27°C/2",2,19.7888,9.96397201740785,6.95854980670385,0,NA,7.67851041077477,27,"","N",27,3.83200642359315
59,"Pocillopora verrucosa","Kelso",6,27,"27°C/2",3,18.8009,9.49553673665137,29.5515161848883,0,NA,31.9778710051963,27,"","N",27,3.04096049700138
112,"Stylophora pistillata","Kelso",2,27,"27°C/2",4,20.3262,10.2187924646986,36.3098755601825,0,NA,39.1510222718183,27,"","N",27,2.89804507349791
141,"Pocillopora verrucosa","Kelso",8,27,"27°C/2",5,19.7185,9.93063767158623,27.1646476172221,0,NA,28.2271690091217,27,"","N",27,1.4486712546008
184,"Stylophora pistillata","Kelso",3,27,"27°C/2",6,17.6252,8.9380518094468,39.4262328308536,0,NA,45.1631636908873,27,"","N",27,5.38927778501097
2,"Pocillopora verrucosa","Kelso",11,27,"27°C/2",8,19.9268,10.0294078598457,16.2717890186131,0,NA,17.8417833141066,27,"","N",27,3.57354294623737
308,"Acropora tenuis","Kelso",11,27,"27°C/2",9,19.8115,9.97473573931612,10.9086827739618,0,NA,12.1979145533447,27,"","N",27,4.37718523416043
162,"Stylophora pistillata","Kelso",7,27,"27°C/2",11,19.5227,9.83779464296783,40.7928712957708,0,NA,44.6448105875078,27,"","N",27,3.4972879741189
316,"Acropora hyacinthus","Kelso",6,27,"27°C/2",12,20.1131,10.1177462471369,48.6680887497847,0,NA,55.044514605298,27,"","N",27,4.85254150391536
354,"Acropora hyacinthus","Kelso",5,27,"27°C/2",13,19.0431,9.61038138185759,33.6950875186453,0,NA,39.973414514843,27,"","N",27,6.90102464818151
344,"Acropora tenuis","Kelso",1,27,"27°C/2",15,19.4602,9.80815884476226,10.350423470687,0,NA,11.3047898528275,27,"","N",27,3.41501998853919
273,"Acropora hyacinthus","Kelso",1,27,"27°C/2",16,18.6562,9.42692393664584,33.4667989419272,0,NA,38.9603350636002,27,"","N",27,6.07958655250424
282,"Pocillopora verrucosa","Kelso",10,27,"27°C/3",1,19.539,9.84552365913984,20.0205614532751,0,NA,22.3676236323966,27,"","N",27,4.34194760517727
223,"Pocillopora verrucosa","Kelso",9,27,"27°C/3",2,19.3042,9.73418789244117,22.8613563371441,0,NA,23.8287265596198,27,"","N",27,1.56720914673592
13,"Acropora tenuis","Kelso",5,27,"27°C/3",3,19.1245,9.64897904544052,10.1816174879361,0,NA,11.4708492673189,27,"","N",27,4.68975830401236
62,"Acropora tenuis","Kelso",13,27,"27°C/3",4,18.6542,9.42597559110326,11.6098241908645,0,NA,12.8320828907989,27,"","N",27,3.89918400090243
127,"Acropora hyacinthus","Kelso",7,27,"27°C/3",7,18.3989,9.30491928259316,50.7910803249233,0,NA,56.2355670169385,27,"","N",27,3.97013912619759
98,"Pocillopora verrucosa","Kelso",13,27,"27°C/3",10,19.9423,10.0367575378007,19.4318391585362,0,NA,20.8749652281312,27,"","N",27,2.75059469423527
26,"Acropora hyacinthus","Kelso",14,27,"27°C/3",11,18.4188,9.31435532074181,31.4683712404679,0,NA,36.8638085028253,27,"","N",27,6.35021775324555
29,"Stylophora pistillata","Kelso",8,27,"27°C/3",12,19.228,9.69805592726894,34.8913143302265,0,NA,39.5081777366346,27,"","N",27,4.90078818354928
237,"Stylophora pistillata","Kelso",5,27,"27°C/3",13,18.1403,9.1822982039378,26.820703051637,0,NA,28.8422882118394,27,"","N",27,2.7916316849632
294,"Stylophora pistillata","Kelso",13,27,"27°C/3",14,18.9146,9.54945018074694,27.7846386293254,0,NA,28.3583317153288,27,"","N",27,0.764735232214718
264,"Acropora hyacinthus","Kelso",15,27,"27°C/3",15,18.9823,9.58155167736321,31.089727514074,0,NA,34.5722370197774,27,"","N",27,4.14869617259213
207,"Acropora tenuis","Kelso",7,27,"27°C/3",18,20.163,10.1414074684242,8.16835913034682,0,NA,9.57479379876442,27,"","N",27,6.37706693267583
114,"Stylophora pistillata","Kelso",2,28,"28°C/1",1,19.3937,9.76358800644343,37.4441609267481,0,NA,42.1429804882995,27,"","N",27,4.64773010862734
270,"Acropora hyacinthus","Kelso",15,28,"28°C/1",3,19.1706,9.6731117322701,43.5896800964698,0,NA,46.7778930242265,27,"","N",27,2.70894303481817
99,"Pocillopora verrucosa","Kelso",13,28,"28°C/1",4,19.2171,9.69196940483424,18.7892327749919,0,NA,21.1997290670626,27,"","N",27,4.7515319819706
287,"Pocillopora verrucosa","Kelso",10,28,"28°C/1",5,19.155,9.66678528728084,26.6950010846316,0,NA,29.1847900178889,27,"","N",27,3.45436977668986
66,"Acropora tenuis","Kelso",13,28,"28°C/1",7,19.9697,9.99717982143151,7.74011257737994,0,NA,8.8619116581416,27,"","N",27,5.36789532282846
363,"Stylophora pistillata","Kelso",4,28,"28°C/1",8,18.8687,9.5506788000741,13.7667796692748,0,NA,16.8811135647217,27,"","N",27,8.37855348907767
325,"Stylophora pistillata","Kelso",9,28,"28°C/1",9,19.5278,9.81797110087034,39.6176843450085,0,NA,42.3495561831198,27,"","N",27,2.55392106129783
360,"Acropora hyacinthus","Kelso",5,28,"28°C/1",10,18.3922,9.35743834895983,36.2600932693605,0,NA,41.4593328130867,27,"","N",27,5.31064347007985
332,"Acropora tenuis","Kelso",4,28,"28°C/1",11,18.7424,9.49945892814182,10.6496255635183,0,NA,11.77142464428,27,"","N",27,3.90136853680679
217,"Pocillopora verrucosa","Kelso",12,28,"28°C/1",15,20.43,10.1838505027492,24.8442074172032,0,NA,25.9860214502893,27,"","N",27,1.70218385004856
567,"Acropora tenuis","Kelso",8,28,"28°C/1",16,18.9824,9.59678885105351,7.75751045949674,0,NA,8.527700873154,27,"","N",27,3.6771553225911
314,"Acropora hyacinthus","Kelso",6,28,"28°C/1",18,19.8405,9.94478387959738,46.1320486514045,0,NA,52.0670296399976,27,"","N",27,4.76488942317853
82,"Pocillopora verrucosa","Kelso",5,28,"28°C/2",1,19.2622,9.71025931951473,28.8938272057895,0,NA,30.2893776906726,27,"","N",27,1.78886149721668
6,"Pocillopora verrucosa","Kelso",11,28,"28°C/2",2,20.5014,10.2128061548155,13.1264112319527,0,NA,14.5219617168357,27,"","N",27,3.93763794858498
179,"Acropora hyacinthus","Kelso",2,28,"28°C/2",3,19.2545,9.70713665115465,38.3216491255152,0,NA,41.4117631939563,27,"","N",27,2.98652776728544
149,"Pocillopora verrucosa","Kelso",8,28,"28°C/2",4,18.7121,9.48717102537421,28.9145833140101,0,NA,30.2625582141812,27,"","N",27,1.72663723908635
346,"Acropora tenuis","Kelso",1,28,"28°C/2",6,18.2058,9.28184544216508,17.6945463706363,0,NA,19.2181839280887,27,"","N",27,3.18917588868122
125,"Acropora hyacinthus","Kelso",7,28,"28°C/2",7,20.6339,10.2665403830896,49.3116460297124,0,NA,53.8732429878873,27,"","N",27,3.42612849277351
33,"Stylophora pistillata","Kelso",8,28,"28°C/2",9,19.6641,9.87324638625728,38.7017552348452,0,NA,44.3567299397356,27,"Not a typo, double-checked weight at time t=3","N",27,5.41173149170144
624,"Stylophora pistillata","Kelso",1,28,"28°C/2",11,19.1953,9.6831286035031,41.8710483344435,0,NA,46.597186614376,27,"","N",27,4.18050575466554
598,"Acropora tenuis","Kelso",2,28,"28°C/2",14,18.4073,9.36356202327636,7.10992569970143,0,NA,8.18149497087675,27,"","N",27,5.58202046836262
196,"Acropora hyacinthus","Kelso",10,28,"28°C/2",15,19.6202,9.85544312119135,27.2447846907344,0,NA,31.1196896337002,27,"","N",27,5.26761358244203
210,"Acropora tenuis","Kelso",7,28,"28°C/2",17,19.7216,9.89656501362154,8.59504872965533,0,NA,9.59964492138219,27,"","N",27,4.32891860541505
298,"Stylophora pistillata","Kelso",13,28,"28°C/2",18,18.5337,9.41482244934319,18.208410846651,0,NA,18.700147777511,27,"","N",27,1.00022341730564
51,"Pocillopora verrucosa","Kelso",6,28,"28°C/3",1,20.1677,10.0774770078337,26.7256211741143,0,NA,28.5493519214047,26,"","N",26,2.62457848307516
21,"Acropora hyacinthus","Kelso",14,28,"28°C/3",3,17.9603,9.18228504185332,55.5617958023164,0,NA,57.8180695665749,26,"","N",26,1.56186024786787
183,"Stylophora pistillata","Kelso",3,28,"28°C/3",4,18.2649,9.30581293568209,28.3682682026897,0,NA,31.8650641554722,26,"","N",26,4.7409362837786
279,"Acropora hyacinthus","Kelso",1,28,"28°C/3",5,17.8607,9.14189312384497,30.401360723346,0,NA,34.0800679476806,26,"","N",26,4.65402653141219
301,"Acropora tenuis","Kelso",11,28,"28°C/3",7,19.0552,9.6263122610034,13.8026288473023,0,NA,15.1253471664093,26,"","N",26,3.68580377455122
18,"Acropora tenuis","Kelso",5,28,"28°C/3",9,19.3649,9.75190841569403,8.00008768219318,0,NA,8.56935885750507,26,"","N",26,2.73685065390444
101,"Acropora tenuis","Kelso",6,28,"28°C/3",10,18.932,9.57634956724206,13.1830653995619,0,NA,14.2044048611509,26,"","N",26,2.97975363040348
230,"Pocillopora verrucosa","Kelso",9,28,"28°C/3",12,20.4576,10.1950434438841,14.4391210644622,0,NA,15.1686133633784,26,"","N",26,1.94315124770404
238,"Stylophora pistillata","Kelso",5,28,"28°C/3",14,19.6117,9.85199601975489,44.8245639932497,0,NA,48.2667225092699,26,"","N",26,2.95353039406164
154,"Pocillopora verrucosa","Kelso",4,28,"28°C/3",15,18.0384,9.21395782093417,19.7851667186555,0,NA,20.9428392799789,26,"","N",26,2.25046714927228
47,"Acropora hyacinthus","Kelso",11,28,"28°C/3",16,20.1658,10.0767064792773,35.9203370408073,0,NA,41.4629225921381,26,"","N",26,5.93469841657383
169,"Stylophora pistillata","Kelso",7,28,"28°C/3",17,18.868,9.55039492113227,35.0761555274295,0,NA,37.4255653082053,26,"","N",26,2.57616358709998
321,"Stylophora pistillata","Kelso",9,29,"29°C/1",1,19.9042,10.0948314667207,24.7504596362164,0,NA,27.6959141816709,27,"","N",27,4.40763164378897
100,"Pocillopora verrucosa","Kelso",13,29,"29°C/1",2,20.4355,10.3845362898831,17.9661283432867,0,NA,20.3594008632411,27,"","N",27,4.93371311100508
119,"Stylophora pistillata","Kelso",2,29,"29°C/1",3,19.3328,9.78326109978104,30.4547424551426,0,NA,34.1365606369608,27,"","N",27,4.47758297626352
221,"Pocillopora verrucosa","Kelso",9,29,"29°C/1",4,18.6752,9.42468799285158,15.1922276966207,0,NA,16.618681516461,27,"","N",27,3.47754286020887
353,"Acropora hyacinthus","Kelso",5,29,"29°C/1",7,19.274,9.75119890591326,49.7861871642875,0,NA,57.4577780733784,27,"","N",27,5.70706480685893
175,"Acropora hyacinthus","Kelso",2,29,"29°C/1",9,20.1554,10.2318046486864,41.2809545575549,0,NA,46.7048181939186,27,"","N",27,4.8662595266241
61,"Acropora tenuis","Kelso",13,29,"29°C/1",10,20.0724,10.1865467899955,11.935896119102,0,NA,12.1701480876059,27,"","N",27,0.72688290404893
345,"Acropora tenuis","Kelso",1,29,"29°C/1",12,19.3254,9.77922606177727,12.4166493060813,0,NA,13.3034603297034,27,"","N",27,2.64522673686661
104,"Acropora tenuis","Kelso",6,29,"29°C/1",15,19.6103,9.93457502492236,11.7886047811339,0,NA,13.2443134425512,27,"","N",27,4.57349589786344
181,"Stylophora pistillata","Kelso",3,29,"29°C/1",16,19.2783,9.7535435901587,31.9539720268399,0,NA,36.5085174813854,27,"","N",27,5.27905790695377
48,"Acropora hyacinthus","Kelso",11,29,"29°C/1",17,18.9193,9.55778971943534,33.0914820527591,0,NA,38.61307296185,27,"","N",27,6.17993980074145
152,"Pocillopora verrucosa","Kelso",4,29,"29°C/1",18,19.4256,9.83386265744992,23.688860782377,0,NA,26.5576179089448,27,"","N",27,4.48524160461109
564,"Acropora tenuis","Kelso",8,29,"29°C/2",2,10.0252,NA,NA,0,NA,NA,27,"","N",27,NA
311,"Acropora hyacinthus","Kelso",6,29,"29°C/2",3,18.679,9.42676003939405,39.7908316256882,0,NA,45.0192407165972,27,"","N",27,4.86656783065996
299,"Stylophora pistillata","Kelso",13,29,"29°C/2",5,19.1259,9.67044361829731,27.0533355864619,0,NA,27.5715174046437,27,"","N",27,0.709410458114579
290,"Pocillopora verrucosa","Kelso",10,29,"29°C/2",7,18.8893,9.5414314572579,20.4118703243005,0,NA,23.4866707804008,27,"","N",27,5.57917998521232
20,"Acropora hyacinthus","Kelso",14,29,"29°C/2",10,18.9483,9.57360270620686,28.5187595037619,0,NA,32.2323958673983,27,"","N",27,4.82286361452519
219,"Pocillopora verrucosa","Kelso",12,29,"29°C/2",11,19.2738,9.75108985083208,19.57238894794,0,NA,20.3331643185216,27,"","N",27,1.439623218813
143,"Pocillopora verrucosa","Kelso",8,29,"29°C/2",12,18.5894,9.3779033630241,21.7171200973734,0,NA,22.763186231923,27,"","N",27,1.78399299698994
331,"Acropora tenuis","Kelso",4,29,"29°C/2",14,18.8934,9.54366708642215,8.62772239476609,0,NA,9.74878538689207,27,"","N",27,4.81249276001391
597,"Acropora tenuis","Kelso",2,29,"29°C/2",15,18.785,9.484559232421,10.3329225441775,0,NA,11.6882375048074,27,"","N",27,4.85795283755286
277,"Acropora hyacinthus","Kelso",1,29,"29°C/2",16,19.3033,9.76717547530656,33.9251652911157,0,NA,37.5899380183884,27,"","N",27,4.00093329148403
362,"Stylophora pistillata","Kelso",4,29,"29°C/2",17,17.9971,9.05493674010086,17.9592634360886,0,NA,21.913808890634,27,"","N",27,8.15538159378688
625,"Stylophora pistillata","Kelso",1,29,"29°C/2",18,18.3524,9.24867309182233,26.45816429503,0,NA,28.5308915677573,27,"","N",27,2.90147403696096
267,"Acropora hyacinthus","Kelso",15,29,"29°C/3",1,19.2044,9.7132477376616,36.6807212818808,0,NA,38.9284485546081,27,"","N",27,2.26956164818605
121,"Acropora hyacinthus","Kelso",7,29,"29°C/3",3,19.8608,10.071166514104,48.3204363515374,0,NA,50.2261181697192,27,"","N",27,1.46068234084899
164,"Stylophora pistillata","Kelso",7,29,"29°C/3",6,18.4082,9.27909945947237,45.1660923832572,0,NA,47.5660923832572,27,"","N",27,1.96804470341648
54,"Pocillopora verrucosa","Kelso",6,29,"29°C/3",7,18.7649,9.47359919676212,29.4584915809586,0,NA,31.1068382172185,27,"","N",27,2.07240330854204
86,"Pocillopora verrucosa","Kelso",5,29,"29°C/3",8,18.8714,9.53167102749203,27.0048771628119,0,NA,27.8290504809419,27,"","N",27,1.13034906711421
10,"Acropora tenuis","Kelso",5,29,"29°C/3",9,20.3811,10.3548733078014,8.74283009521425,0,NA,9.71330253615913,27,"","N",27,4.11118863654624
31,"Stylophora pistillata","Kelso",8,29,"29°C/3",13,19.6152,9.93724687441134,40.4529630697873,0,NA,43.0984176152418,27,"","N",27,2.42206727380559
309,"Acropora tenuis","Kelso",11,29,"29°C/3",14,18.1083,9.11557136523857,13.9119376762741,0,NA,14.9158746841481,27,"","N",27,2.67272992509844
235,"Stylophora pistillata","Kelso",5,29,"29°C/3",15,19.4048,9.8225209290069,35.3385792845266,0,NA,37.1658520117994,27,"","N",27,1.91509588237466
205,"Acropora tenuis","Kelso",7,29,"29°C/3",16,18.2596,9.19807153415345,8.68728188182986,0,NA,9.55736062198734,27,"","N",27,3.70946159715993
197,"Acropora hyacinthus","Kelso",10,29,"29°C/3",17,19.9671,10.1291292897527,35.5281182432538,0,NA,39.6815273341629,27,"","N",27,4.32980900583374
8,"Pocillopora verrucosa","Kelso",11,29,"29°C/3",18,20.0337,10.1654446317866,17.9646886679779,0,NA,20.6274024650132,27,"","N",27,5.48960415304143
144,"Pocillopora verrucosa","Kelso",8,30,"30°C/1",1,19.874,10.0211582175504,27.5287230075313,0,NA,29.1136716962428,27,"","N",27,2.13238381124878
170,"Stylophora pistillata","Kelso",7,30,"30°C/1",2,19.6489,9.91348732674632,35.6359436543282,0,NA,36.6450345634191,27,"","N",27,1.04876519438536
240,"Stylophora pistillata","Kelso",5,30,"30°C/1",3,18.6065,9.41488165560396,46.4594136665347,0,NA,47.8503227574438,27,"","N",27,1.10882052633951
336,"Acropora tenuis","Kelso",4,30,"30°C/1",4,20.3044,10.2270291700251,8.30418347535166,0,NA,9.10733308165088,27,"","N",27,3.58208387411936
177,"Acropora hyacinthus","Kelso",2,30,"30°C/1",5,20.2314,10.1921114666546,38.0544553333921,0,NA,40.7419553333921,27,"","N",27,2.61564739699993
190,"Stylophora pistillata","Kelso",3,30,"30°C/1",9,18.9469,9.57770338474523,23.4335362234221,0,NA,25.3698998597857,27,"","N",27,3.0604502467489
304,"Acropora tenuis","Kelso",11,30,"30°C/1",10,19.4151,9.80165501102003,10.9066796075452,0,NA,11.6763646469153,27,"","N",27,2.61370594312517
155,"Pocillopora verrucosa","Kelso",4,30,"30°C/1",11,19.0231,9.61415172716757,23.0227241724482,0,NA,25.0831574677732,27,"","N",27,3.31465310967066
215,"Pocillopora verrucosa","Kelso",12,30,"30°C/1",12,17.621,8.94349266010242,34.3720013711033,0,NA,35.8618531384922,27,"","N",27,1.60536753425318
356,"Acropora hyacinthus","Kelso",5,30,"30°C/1",13,19.1733,9.6859960976641,47.4172917955049,0,NA,52.9877463409595,27,"","N",27,4.35101043313253
38,"Acropora tenuis","Kelso",5,30,"30°C/1",16,20.4113,10.2781620808512,11.4814217151112,0,NA,12.2511067544812,27,"","N",27,2.48286789017461
280,"Acropora hyacinthus","Kelso",1,30,"30°C/1",18,19.3276,9.75980159944582,37.1861967299806,0,NA,38.9941512754352,27,"","N",27,1.80070255496962
19,"Acropora hyacinthus","Kelso",14,30,"30°C/2",1,20.6452,10.3900422290479,37.7225209262433,0,NA,40.7032027444251,27,"","N",27,2.92651763946193
347,"Acropora tenuis","Kelso",1,30,"30°C/2",2,19.0935,9.64782578630842,20.2162363811769,0,NA,20.8353308693658,27,"","N",27,1.1342084182311
225,"Pocillopora verrucosa","Kelso",9,30,"30°C/2",3,18.7528,9.48486055975604,14.1617375392692,0,NA,15.1602552131575,27,"","N",27,2.61141233322445
263,"Acropora hyacinthus","Kelso",15,30,"30°C/2",5,19.8767,10.0224496942504,39.4698480849129,0,NA,41.2778026303674,27,"","N",27,1.69651728370535
367,"Stylophora pistillata","Kelso",4,30,"30°C/2",6,19.4551,9.82078799916824,19.8251236386321,0,NA,22.0887600022684,27,"","N",27,4.22889588819577
118,"Stylophora pistillata","Kelso",2,30,"30°C/2",7,19.8932,10.0303420518615,37.5536125858322,0,NA,39.5990671312868,27,"","N",27,2.01731792339352
52,"Pocillopora verrucosa","Kelso",6,30,"30°C/2",11,19.2329,9.71450425000494,22.974616981178,0,NA,24.5278666961153,27,"","N",27,2.50397067629154
596,"Acropora tenuis","Kelso",2,30,"30°C/2",12,19.3116,9.75214840418654,6.80644459929418,0,NA,7.86057845756189,27,"","N",27,5.73603357540069
315,"Acropora hyacinthus","Kelso",6,30,"30°C/2",14,19.5256,9.85450989077946,52.7506903064185,0,NA,58.1256903064185,27,"","N",27,3.7738667099462
102,"Acropora tenuis","Kelso",6,30,"30°C/2",16,20.6377,10.3864547937701,10.0285697348335,0,NA,11.0325067427075,27,"","N",27,3.70769243537592
626,"Stylophora pistillata","Kelso",1,30,"30°C/2",17,18.3689,9.30123170600359,21.7875498927175,0,NA,22.9875498927175,27,"","N",27,2.0399009830518
90,"Pocillopora verrucosa","Kelso",5,30,"30°C/2",18,20.1783,10.1667124248879,24.9681524850694,0,NA,26.0459175933932,27,"","N",27,1.59872566695056
129,"Acropora hyacinthus","Kelso",7,30,"30°C/3",1,20.3196,10.2342997055214,49.1846718934747,0,NA,52.1164900752929,27,"","N",27,2.20771745353991
292,"Stylophora pistillata","Kelso",13,30,"30°C/3",3,19.3488,9.76994208316438,20.2637943186426,0,NA,20.6728852277335,27,"","N",27,0.747713627233967
41,"Acropora hyacinthus","Kelso",11,30,"30°C/3",4,18.9758,9.59152696868231,43.5789023121205,0,NA,46.7550386757569,27,"","N",27,2.69934931568853
28,"Stylophora pistillata","Kelso",8,30,"30°C/3",6,19.4812,9.83327227393495,54.7547119801774,0,NA,56.6092574347229,27,"","N",27,1.25444671705579
208,"Acropora tenuis","Kelso",7,30,"30°C/3",7,18.9115,9.56077069023406,11.2093403805139,0,NA,12.6148521915375,27,"","N",27,4.64398360954121
199,"Acropora hyacinthus","Kelso",10,30,"30°C/3",8,19.9091,10.0379474146504,46.6259387693217,13,"",47.5054842238672,27,"","N",14,0.685958758548891
568,"Acropora tenuis","Kelso",8,30,"30°C/3",9,19.424,9.80591210088301,7.50290298080599,0,NA,8.0550683351367,27,"","N",27,2.72568747473239
63,"Acropora tenuis","Kelso",13,30,"30°C/3",11,19.6742,9.92558894175007,8.80856181006387,13,"No obvious loss of branches, white tips but darker colour in the rest of the fragment",8.80856181006387,27,"","N",14,0
329,"Stylophora pistillata","Kelso",9,30,"30°C/3",12,18.529,9.3778114910668,30.0332413879996,0,NA,33.2241504789087,27,"","N",27,3.93503373994922
93,"Pocillopora verrucosa","Kelso",13,30,"30°C/3",15,19.2573,9.72617537277534,26.902641085339,0,NA,29.9774415414393,27,"","N",27,4.23309733839285
7,"Pocillopora verrucosa","Kelso",11,30,"30°C/3",17,20.3688,10.2578332809437,16.9940840815145,0,NA,19.5141524965658,27,"","N",27,5.49225640972612
285,"Pocillopora verrucosa","Kelso",10,30,"30°C/3",18,19.3394,9.76544583094955,28.3461006784266,0,NA,30.8661690934779,27,"","N",27,3.29272333725809
361,"Stylophora pistillata","Kelso",4,31,"31°C/1",1,18.5854,9.38054021386833,19.3076175985409,0,NA,19.49852668945,9,"Sampled because it was white with some algae","Y",9,0.359554912712546
187,"Stylophora pistillata","Kelso",3,31,"31°C/1",3,19.4252,9.82309690648358,37.4915538914084,0,NA,37.7097357095902,9,"Sampled because it was white with some algae","Y",9,0.211617910543274
310,"Acropora tenuis","Kelso",11,31,"31°C/1",4,19.3008,9.75754075911356,10.3613983361289,0,NA,10.6458471550265,13,"Sampled because it was dead/dying","Y",13,0.998281610156118
269,"Acropora hyacinthus","Kelso",15,31,"31°C/1",5,19.8192,10.0307265050671,29.4123591229678,0,NA,30.0964500320587,27,"Sampled due to bleaching and tissue necrosis","Y",27,0.861430401783554
594,"Acropora tenuis","Kelso",2,31,"31°C/1",6,19.1121,9.65809988283767,8.87128956611808,0,NA,9.23939980233855,28,"","N",28,1.4819484870545
200,"Acropora hyacinthus","Kelso",10,31,"31°C/1",7,19.7853,10.0128619279301,56.912151943069,0,NA,57.449651943069,15,"Sampled on 26/05/21 because it was completely white","Y",15,0.3434320066654
317,"Acropora hyacinthus","Kelso",6,31,"31°C/1",9,19.3176,9.76639400088057,48.1483020411517,0,NA,49.3698929502426,13,"Sampled because it was dead/dying","Y",13,0.922597178304216
4,"Pocillopora verrucosa","Kelso",11,31,"31°C/1",12,19.1534,9.67986410218157,10.2706828939197,0,NA,11.3959964629049,28,"","N",28,3.91305726561684
109,"Acropora tenuis","Kelso",6,31,"31°C/1",13,20.3407,10.305545884918,11.385405507519,0,NA,11.8037125941332,28,"","N",28,1.31216571933102
58,"Pocillopora verrucosa","Kelso",6,31,"31°C/1",14,20.2863,10.2768782449106,21.13231384216,0,NA,22.1149820291611,28,"","N",28,1.66074063895839
142,"Pocillopora verrucosa","Kelso",8,31,"31°C/1",15,19.4022,9.8109763969216,26.5621924837845,0,NA,27.1644729854948,28,"","N",28,0.809798284963072
629,"Stylophora pistillata","Kelso",1,31,"31°C/1",16,19.1249,9.66484520989825,22.6231494275502,0,NA,22.7867857911866,9,"Sampled because it was white","Y",9,0.263023202945123
126,"Acropora hyacinthus","Kelso",7,31,"31°C/2",1,18.7409,9.46248539808084,47.2389918048322,0,NA,47.3367190775595,17,"Sampled due to bleaching and algal growth","Y",17,0.075228510865484
83,"Pocillopora verrucosa","Kelso",5,31,"31°C/2",2,18.6483,9.41368717262696,20.5509405131682,0,NA,21.1215220411044,28,"","N",28,0.991580492335513
563,"Acropora tenuis","Kelso",8,31,"31°C/2",3,18.9111,9.5521771688395,7.62627835922525,0,NA,7.81033347733549,23,"Sampled due to bleaching and algal growth","Y",23,0.877611997696182
25,"Acropora hyacinthus","Kelso",14,31,"31°C/2",4,18.2168,9.18629587367068,37.3499178900182,0,NA,37.9851451627455,29,"sampled due to bleaching and tissue loss","Y",29,0.586464173207404
350,"Acropora tenuis","Kelso",1,31,"31°C/2",5,18.8462,9.51797625272765,10.1598822542943,0,NA,10.2770082385463,13,"Sampled because it was dead/dying","Y",13,0.419210242153286
111,"Stylophora pistillata","Kelso",2,31,"31°C/2",7,19.7339,9.98577522395241,29.2206130255843,0,NA,29.3842493892207,9,"Sampled because it was dead/dying","Y",9,0.203637521838803
39,"Stylophora pistillata","Kelso",8,31,"31°C/2",8,18.9413,9.56809192487305,43.7233856594371,0,NA,43.9142947503462,7,"Sampled on 18/05/21 because it was dead/dying","Y",7,0.158774272751957
333,"Acropora tenuis","Kelso",4,31,"31°C/2",9,19.6218,9.92670091430467,8.58918154102564,0,NA,8.78996894260045,13,"Sampled because it was dead/dying","Y",13,0.850064703184008
357,"Acropora hyacinthus","Kelso",5,31,"31°C/2",11,19.3109,9.7628632437473,53.5405546044166,0,NA,55.0064636953257,14,"Sampled on 25/05/21 because it was completely white","Y",14,0.995615109290815
327,"Stylophora pistillata","Kelso",9,31,"31°C/2",12,18.8224,9.50543416022438,40.3488159266608,0,NA,40.621543199388,7,"Sampled on 18/05/21 because it was dead/dying","Y",7,0.245790493330131
220,"Pocillopora verrucosa","Kelso",12,31,"31°C/2",14,18.6062,9.39150137034177,23.2012692077821,0,NA,23.7243022750569,28,"","N",28,0.805117695733897
222,"Pocillopora verrucosa","Kelso",9,31,"31°C/2",16,19.071,9.63644105922909,17.2657319585765,0,NA,18.0423568160451,28,"","N",28,1.60645387748382
161,"Stylophora pistillata","Kelso",7,31,"31°C/3",3,19.295,9.75448428278924,47.2241337742112,0,NA,47.3604974105748,7,"Sampled on 18/05/21 because it was dead/dying","Y",7,0.105003041657875
283,"Pocillopora verrucosa","Kelso",10,31,"31°C/3",4,18.8693,9.53014946015729,29.4798087233539,0,NA,30.2564335808225,28,"","N",28,0.940867775389558
67,"Acropora tenuis","Kelso",13,31,"31°C/3",5,18.7658,9.47560716712838,8.97585414948992,0,NA,9.04278328334819,7,"","Y",7,0.27114819884786
297,"Stylophora pistillata","Kelso",13,31,"31°C/3",6,18.3131,9.23704392022802,21.5535165811963,0,NA,21.6626074902872,10,"Sampled because it was dying and was unlikely to make it through the weekend","Y",10,0.184050808313157
95,"Pocillopora verrucosa","Kelso",13,31,"31°C/3",7,20.4749,10.3762664233188,31.2452561819691,0,NA,33.6702276756977,28,"","N",28,2.7718167606512
176,"Acropora hyacinthus","Kelso",2,31,"31°C/3",9,18.951,9.57320361803615,45.6718459573234,0,NA,46.4048005027779,10,"Sampled because it was white and was unlikely to make it throught the weekend","Y",10,0.583573797014647
156,"Pocillopora verrucosa","Kelso",4,31,"31°C/3",13,17.8462,8.99099757611982,22.1084531005627,0,NA,22.980174879354,28,"","N",28,1.40819081866594
49,"Acropora hyacinthus","Kelso",11,31,"31°C/3",14,18.7507,9.4676497891116,37.1478476213865,0,NA,38.4671658032047,24,"Sampled due to bleaching and algal growth","Y",24,1.29146665778693
209,"Acropora tenuis","Kelso",7,31,"31°C/3",16,17.9918,9.06772567143392,10.3108920851991,0,NA,10.8630574395299,28,"","N",28,1.9125591717136
17,"Acropora tenuis","Kelso",5,31,"31°C/3",17,19.3392,9.77777674029531,7.58344443060825,0,NA,7.68383813139565,27,"Sampled due to bleaching and algal growth","Y",27,0.490316141744297
231,"Stylophora pistillata","Kelso",5,31,"31°C/3",18,19.7421,9.9900964491006,46.7179187751802,0,NA,46.8542824115438,9,"Sampled because it was white with a patch of algae","Y",9,0.106140808836388
