Week,Date
1,5/05/2021
1,6/05/2021
1,7/05/2021
2,10/05/2021
2,11/05/2021
2,12/05/2021
2,13/05/2021
2,14/05/2021
3,17/05/2021
3,18/05/2021
3,19/05/2021
3,20/05/2021
3,21/05/2021
4,24/05/2021
4,25/05/2021
4,26/05/2021
4,27/05/2021
4,28/05/2021
5,31/05/2021
5,1/06/2021
5,2/06/2021
5,3/06/2021
5,4/06/2021
6,7/06/2021
6,8/06/2021
6,9/06/2021
6,10/06/2021
6,11/06/2021
7,14/06/2021
7,15/06/2021
7,16/06/2021
7,17/06/2021
7,18/06/2021
8,21/06/2021
8,22/06/2021
8,23/06/2021
8,24/06/2021
8,25/06/2021
9,28/06/2021
9,29/06/2021
9,30/06/2021
9,1/07/2021
9,2/07/2021
10,5/07/2021
10,6/07/2021
10,7/07/2021
10,8/07/2021
10,9/07/2021
